MAE,RMSE,R2_Score
1.2105072158244738,3.51201553793979,0.9937068839984515
