MAE,RMSE,R2_Score
0.7079022092670401,1.2402937397697928,0.9992170436025026
